{"g1": {"last_trigger_time": 1765243558.856707}, "g_velo": {"last_trigger_time": 1765245977.9399304}}